{
  "dataset": "Spock retweet cascade (Rizoiu et al. 2017) + ACTIVE (Mishra et al. 2016)",
  "frozen_on": "2026-06-10",
  "spock": {
    "N_total": 219,
    "N_obs": 43,
    "free_mle": {
      "params": [
        0.028050928190923606,
        10000.0,
        2.1497962149752223,
        673.5698387644142,
        4.248452884400843
      ],
      "nll": 151.43792985611063,
      "n_star_plugin_unmarked": 0.6565220049694999,
      "n_star_plugin_marked": 0.6565220049694999
    },
    "constrained_mle": {
      "params": [
        1.0,
        1.015500629068492,
        245.0977590334797,
        1.3453032791667232
      ],
      "n_star_closed_form": 0.9231328357166819,
      "alpha_assumed": 2.016
    },
    "rizoiu_n_reported": 0.92
  },
  "phase0_summary": {
    "E1": {
      "tag": "E1",
      "true": {
        "mu": 0.5,
        "alpha": 0.15,
        "delta": 0.5,
        "n_star": 0.3
      },
      "n_ok": 20,
      "n_star_median": 0.2990662023243309,
      "n_star_std": 0.04842634041860137,
      "n_star_err": 0.07686348366131096,
      "alpha_err": 0.11412998825858034,
      "delta_err": 0.18813833173149286,
      "mu_err": 0.04084186797349143,
      "ks_pass_rate": 1.0
    },
    "E2": {
      "tag": "E2",
      "true": {
        "mu": 0.3,
        "alpha": 0.35,
        "delta": 0.5,
        "n_star": 0.7
      },
      "n_ok": 20,
      "n_star_median": 0.6766850253794947,
      "n_star_std": 0.03281393463757931,
      "n_star_err": 0.049429968557367865,
      "alpha_err": 0.06915138985782937,
      "delta_err": 0.06382529866080144,
      "mu_err": 0.08435359473480508,
      "ks_pass_rate": 1.0
    },
    "E3": {
      "tag": "E3",
      "true": {
        "mu": 0.2,
        "alpha": 0.45,
        "delta": 0.5,
        "n_star": 0.9
      },
      "n_ok": 20,
      "n_star_median": 0.8884640414232191,
      "n_star_std": 0.03215868732216913,
      "n_star_err": 0.021428170894025822,
      "alpha_err": 0.07776355409481217,
      "delta_err": 0.0851800463412643,
      "mu_err": 0.14189303252756819,
      "ks_pass_rate": 1.0
    }
  },
  "phase1_summary": {
    "R1": {
      "tag": "R1",
      "true": {
        "mu": 0.5,
        "alpha": 14.230249470757705,
        "delta": 10.0,
        "eta": 1.5,
        "n_star": 0.3
      },
      "n_ok": 20,
      "n_star_median": 0.2806266159244927,
      "n_star_max": 0.37616949698716257,
      "n_star_std": 0.08038865122008952,
      "alpha_ratio_median": 702.7283689263066,
      "eta_at_lb_count": 0,
      "alpha_at_ub_count": 12,
      "ks_pass_rate": 1.0
    },
    "R2": {
      "tag": "R2",
      "true": {
        "mu": 0.3,
        "alpha": 147.13039399634883,
        "delta": 50.0,
        "eta": 1.3,
        "n_star": 0.7
      },
      "n_ok": 20,
      "n_star_median": 0.5103704111279662,
      "n_star_max": 74.30792308771812,
      "n_star_std": 21.162305749978604,
      "alpha_ratio_median": 34.02821111154722,
      "eta_at_lb_count": 3,
      "alpha_at_ub_count": 10,
      "ks_pass_rate": 1.0
    },
    "R3": {
      "tag": "R3",
      "true": {
        "mu": 0.2,
        "alpha": 90.0,
        "delta": 100.0,
        "eta": 1.0,
        "n_star": 0.9
      },
      "n_ok": 20,
      "n_star_median": 96.57796676821305,
      "n_star_max": 9503.627903624378,
      "n_star_std": 3463.4155227593715,
      "alpha_ratio_median": 0.10010782469229432,
      "eta_at_lb_count": 8,
      "alpha_at_ub_count": 7,
      "ks_pass_rate": 1.0
    }
  },
  "phase2_summary": {
    "P1": {
      "true_n": 0.3,
      "true_beta": 1.3,
      "n_reps": 10,
      "n_median": 0.15747459166529365,
      "n_min": 4.6393418780614767e-07,
      "n_max": 1875.7578616522153,
      "beta_median": 1.1433516212496069
    },
    "P2": {
      "true_n": 0.7,
      "true_beta": 1.3,
      "n_reps": 10,
      "n_median": 2.694627917513752,
      "n_min": 0.2748405310559468,
      "n_max": 26984.98594138127,
      "beta_median": 1.653137914127698
    },
    "P3": {
      "true_n": 0.9,
      "true_beta": 1.3,
      "n_reps": 10,
      "n_median": 18.427509563023893,
      "n_min": 1.141281934479887e-23,
      "n_max": 91096.26632626579,
      "beta_median": 1.627210261297228
    }
  },
  "hb_spock": {
    "sweep": [
      {
        "delta_t": 60.0,
        "n_hb": 0.5095784841967546,
        "Fano": 4.157774863847363
      },
      {
        "delta_t": 120.0,
        "n_hb": 0.6357584270045737,
        "Fano": 7.537389777978909
      },
      {
        "delta_t": 300.0,
        "n_hb": 0.7496101540962099,
        "Fano": 15.95021620261274
      },
      {
        "delta_t": 600.0,
        "n_hb": 0.8061945251057632,
        "Fano": 26.623669724770647
      },
      {
        "delta_t": 1800.0,
        "n_hb": 0.8758735189676996,
        "Fano": 64.90394773422298
      }
    ],
    "all_below_one": true,
    "range": [
      0.5095784841967546,
      0.8758735189676996
    ]
  },
  "active80": {
    "n_cascades": 80,
    "subcritical_rate": 0.9125,
    "boundary_pileup_rate": 0.4625,
    "void_rate_beta_ge_alpha_minus_1": 0.55,
    "alpha_emp_median": 1.1812572365579852,
    "alpha_assumed": 2.016
  }
}