{
  "regime": "R1",
  "true": {
    "mu": 0.5,
    "alpha": 14.230249470757705,
    "delta": 10.0,
    "eta": 1.5,
    "n_star": 0.3
  },
  "spec": {
    "T": 2800.0,
    "n_reps": 20,
    "n_inits": 20
  },
  "results": [
    {
      "rep": 0,
      "ok": true,
      "N": 1723,
      "T_eff": 2558.5979765266293,
      "fit_s": 251.96920919418335,
      "mu_h": 0.5010183261082718,
      "alpha_h": 10000.0,
      "delta_h": 21.367527719103244,
      "eta_h": 3.084005273408607,
      "n_star_h": 0.2569896828492038,
      "nll_true": 2398.3914905903926,
      "nll_best": 2396.6647262818633,
      "delta_nll": -1.7267643085292548,
      "boundary_count": 7,
      "converged_count": 20,
      "ks_stat": 0.014880153586832728,
      "ks_p": 0.8344308132650339,
      "alpha_at_ub": true,
      "eta_at_lb": false
    },
    {
      "rep": 1,
      "ok": true,
      "N": 1841,
      "T_eff": 2505.0435983685643,
      "fit_s": 139.78246593475342,
      "mu_h": 0.6152465655707494,
      "alpha_h": 1.595552712174847,
      "delta_h": 6.510440433315938,
      "eta_h": 1.1416263516664231,
      "n_star_h": 0.1646448434959903,
      "nll_true": 2407.604624323757,
      "nll_best": 2405.5188003162666,
      "delta_nll": -2.0858240074903733,
      "boundary_count": 0,
      "converged_count": 20,
      "ks_stat": 0.01193025165421241,
      "ks_p": 0.9530020968803796,
      "alpha_at_ub": false,
      "eta_at_lb": false
    },
    {
      "rep": 2,
      "ok": true,
      "N": 1824,
      "T_eff": 2512.387825328441,
      "fit_s": 245.76372504234314,
      "mu_h": 0.5137229747682392,
      "alpha_h": 0.31675750985195983,
      "delta_h": 2.3333221660026005,
      "eta_h": 0.620020260474084,
      "n_star_h": 0.30211289699382765,
      "nll_true": 2397.741111547549,
      "nll_best": 2396.8679210470987,
      "delta_nll": -0.8731905004501641,
      "boundary_count": 0,
      "converged_count": 20,
      "ks_stat": 0.012903614757467208,
      "ks_p": 0.917779535994622,
      "alpha_at_ub": false,
      "eta_at_lb": false
    },
    {
      "rep": 3,
      "ok": true,
      "N": 1687,
      "T_eff": 2516.0269102559264,
      "fit_s": 138.4065887928009,
      "mu_h": 0.4514397704403215,
      "alpha_h": 0.3629771765656785,
      "delta_h": 2.2160166818721296,
      "eta_h": 0.6452271356340354,
      "n_star_h": 0.33666161392410815,
      "nll_true": 2348.5574920202776,
      "nll_best": 2345.4140644843546,
      "delta_nll": -3.1434275359229105,
      "boundary_count": 0,
      "converged_count": 20,
      "ks_stat": 0.013283539433126157,
      "ks_p": 0.9232337030602771,
      "alpha_at_ub": false,
      "eta_at_lb": false
    },
    {
      "rep": 4,
      "ok": true,
      "N": 1794,
      "T_eff": 2552.3288665142595,
      "fit_s": 221.5810387134552,
      "mu_h": 0.5702147480929668,
      "alpha_h": 10000.0,
      "delta_h": 11.736235344834492,
      "eta_h": 3.867109035273671,
      "n_star_h": 0.18907280135393076,
      "nll_true": 2420.304340172333,
      "nll_best": 2418.240243271076,
      "delta_nll": -2.0640969012570167,
      "boundary_count": 5,
      "converged_count": 20,
      "ks_stat": 0.015337184227065648,
      "ks_p": 0.786573249624748,
      "alpha_at_ub": true,
      "eta_at_lb": false
    },
    {
      "rep": 5,
      "ok": true,
      "N": 1749,
      "T_eff": 2476.3607247870113,
      "fit_s": 160.53612995147705,
      "mu_h": 0.4888358647572489,
      "alpha_h": 528.5122852986298,
      "delta_h": 16.927703983360853,
      "eta_h": 2.3317770387657775,
      "n_star_h": 0.3094220997758896,
      "nll_true": 2348.333795143776,
      "nll_best": 2348.2706015872977,
      "delta_nll": -0.06319355647838165,
      "boundary_count": 0,
      "converged_count": 20,
      "ks_stat": 0.014593947474614843,
      "ks_p": 0.8448548807055802,
      "alpha_at_ub": false,
      "eta_at_lb": false
    },
    {
      "rep": 6,
      "ok": true,
      "N": 1818,
      "T_eff": 2503.931807665868,
      "fit_s": 198.49513912200928,
      "mu_h": 0.4542733786427894,
      "alpha_h": 10000.0,
      "delta_h": 25.65252202841559,
      "eta_h": 2.8203969742450195,
      "n_star_h": 0.37616949698716257,
      "nll_true": 2388.601410037174,
      "nll_best": 2387.1361810306357,
      "delta_nll": -1.4652290065382658,
      "boundary_count": 5,
      "converged_count": 20,
      "ks_stat": 0.028401005563758297,
      "ks_p": 0.10445914410418733,
      "alpha_at_ub": true,
      "eta_at_lb": false
    },
    {
      "rep": 7,
      "ok": true,
      "N": 1757,
      "T_eff": 2501.6978682430413,
      "fit_s": 235.15790581703186,
      "mu_h": 0.4407372754061295,
      "alpha_h": 10000.0,
      "delta_h": 25.95629124625368,
      "eta_h": 2.812830359585777,
      "n_star_h": 0.3739657506565045,
      "nll_true": 2365.864177857804,
      "nll_best": 2364.670295655913,
      "delta_nll": -1.1938822018910287,
      "boundary_count": 8,
      "converged_count": 20,
      "ks_stat": 0.014005158684908425,
      "ks_p": 0.876017118948264,
      "alpha_at_ub": true,
      "eta_at_lb": false
    },
    {
      "rep": 8,
      "ok": true,
      "N": 1926,
      "T_eff": 2533.229555750224,
      "fit_s": 267.125195980072,
      "mu_h": 0.49475359915438727,
      "alpha_h": 10000.0,
      "delta_h": 24.895279063410214,
      "eta_h": 2.8637608876609497,
      "n_star_h": 0.3506856465682737,
      "nll_true": 2444.0707098307857,
      "nll_best": 2441.8114987157355,
      "delta_nll": -2.2592111150502205,
      "boundary_count": 4,
      "converged_count": 20,
      "ks_stat": 0.02278383746994367,
      "ks_p": 0.2660695787442333,
      "alpha_at_ub": true,
      "eta_at_lb": false
    },
    {
      "rep": 9,
      "ok": true,
      "N": 1848,
      "T_eff": 2524.8991784733867,
      "fit_s": 85.6316180229187,
      "mu_h": 0.7052429038410384,
      "alpha_h": 10000.0,
      "delta_h": 41.39492224416816,
      "eta_h": 3.060989366230309,
      "n_star_h": 0.03670121049387087,
      "nll_true": 2431.0751299457033,
      "nll_best": 2424.694770779309,
      "delta_nll": -6.380359166394555,
      "boundary_count": 3,
      "converged_count": 20,
      "ks_stat": 0.021725820239739346,
      "ks_p": 0.34267432710302814,
      "alpha_at_ub": true,
      "eta_at_lb": false
    },
    {
      "rep": 10,
      "ok": true,
      "N": 1780,
      "T_eff": 2520.5659277848695,
      "fit_s": 229.20412707328796,
      "mu_h": 0.555881771000368,
      "alpha_h": 10000.0,
      "delta_h": 11.554326396289566,
      "eta_h": 3.8443226655269553,
      "n_star_h": 0.2136224504634372,
      "nll_true": 2391.451239546616,
      "nll_best": 2389.3574103699743,
      "delta_nll": -2.0938291766415205,
      "boundary_count": 6,
      "converged_count": 20,
      "ks_stat": 0.026263958214108152,
      "ks_p": 0.1685195258414316,
      "alpha_at_ub": true,
      "eta_at_lb": false
    },
    {
      "rep": 11,
      "ok": true,
      "N": 1784,
      "T_eff": 2499.859143598428,
      "fit_s": 171.11819076538086,
      "mu_h": 0.5509116148848965,
      "alpha_h": 10000.0,
      "delta_h": 25.105372514591938,
      "eta_h": 2.976416424858632,
      "n_star_h": 0.22909615507049563,
      "nll_true": 2382.0413560772686,
      "nll_best": 2381.27802189717,
      "delta_nll": -0.7633341800983544,
      "boundary_count": 2,
      "converged_count": 20,
      "ks_stat": 0.014825918610069544,
      "ks_p": 0.8221017655709635,
      "alpha_at_ub": true,
      "eta_at_lb": false
    },
    {
      "rep": 12,
      "ok": true,
      "N": 1723,
      "T_eff": 2471.906789421556,
      "fit_s": 98.06831312179565,
      "mu_h": 0.516060136482324,
      "alpha_h": 0.27193077487100686,
      "delta_h": 2.025172693946583,
      "eta_h": 0.6453406101548332,
      "n_star_h": 0.2672372229956031,
      "nll_true": 2335.9413902393208,
      "nll_best": 2334.8615243627,
      "delta_nll": -1.0798658766207154,
      "boundary_count": 1,
      "converged_count": 20,
      "ks_stat": 0.01723952330109252,