{
  "regime": "R3",
  "true": {
    "mu": 0.2,
    "alpha": 90.0,
    "delta": 100.0,
    "eta": 1.0,
    "n_star": 0.9
  },
  "spec": {
    "T": 1000.0,
    "n_reps": 20,
    "n_inits": 20
  },
  "elapsed_s": 127.31925511360168,
  "results": [
    {
      "rep": 0,
      "ok": true,
      "N": 414,
      "T_eff": 806.8071119490535,
      "fit_s": 17.606877088546753,
      "mu_h": 0.353921368183627,
      "alpha_h": 0.27971134053618585,
      "delta_h": 152.38891718298768,
      "eta_h": 0.001,
      "n_star_h": 278.30891695606346,
      "nll_true": 687.6569010479338,
      "nll_best": 685.1294110360027,
      "delta_nll": -2.5274900119311496,
      "boundary_count": 6,
      "converged_count": 20,
      "ks_stat": 0.02985479869512772,
      "ks_p": 0.8432553704221775,
      "alpha_at_ub": false,
      "eta_at_lb": true
    },
    {
      "rep": 1,
      "ok": true,
      "N": 636,
      "T_eff": 812.8135864456201,
      "fit_s": 43.340051889419556,
      "mu_h": 0.5842892952129043,
      "alpha_h": 7.117690382210988,
      "delta_h": 10000.0,
      "eta_h": 0.001,
      "n_star_h": 7052.435004550659,
      "nll_true": 799.6169735150518,
      "nll_best": 783.9607016438458,
      "delta_nll": -15.656271871205945,
      "boundary_count": 2,
      "converged_count": 20,
      "ks_stat": 0.023573088494139638,
      "ks_p": 0.8630425033911328,
      "alpha_at_ub": false,
      "eta_at_lb": true
    },
    {
      "rep": 2,
      "ok": true,
      "N": 648,
      "T_eff": 811.2646961999542,
      "fit_s": 30.870663166046143,
      "mu_h": 0.6172453968990357,
      "alpha_h": 266.43401469907786,
      "delta_h": 1949.4051292465865,
      "eta_h": 0.6893509437873119,
      "n_star_h": 2.0857015971965467,
      "nll_true": 802.0305710178343,
      "nll_best": 788.010240590979,
      "delta_nll": -14.020330426855253,
      "boundary_count": 1,
      "converged_count": 20,
      "ks_stat": 0.02132010450379418,
      "ks_p": 0.9237304689346579,
      "alpha_at_ub": false,
      "eta_at_lb": false
    },
    {
      "rep": 3,
      "ok": true,
      "N": 496,
      "T_eff": 786.7424304056714,
      "fit_s": 35.00099205970764,
      "mu_h": 0.4341997357721408,
      "alpha_h": 9.273231046348972,
      "delta_h": 10000.0,
      "eta_h": 0.001,
      "n_star_h": 9188.213553093947,
      "nll_true": 721.0758828239914,
      "nll_best": 714.8267620736435,
      "delta_nll": -6.249120750347856,
      "boundary_count": 9,
      "converged_count": 20,
      "ks_stat": 0.03726559440147001,
      "ks_p": 0.4847850472389351,
      "alpha_at_ub": false,
      "eta_at_lb": true
    },
    {
      "rep": 4,
      "ok": true,
      "N": 420,
      "T_eff": 854.3092836786252,
      "fit_s": 11.224618911743164,
      "mu_h": 0.30533845601617793,
      "alpha_h": 2.1104844339137343,
      "delta_h": 22.305601322525206,
      "eta_h": 0.6284890500568854,
      "n_star_h": 0.4771127740039645,
      "nll_true": 719.0841355303892,
      "nll_best": 715.0077531742268,
      "delta_nll": -4.076382356162412,
      "boundary_count": 1,
      "converged_count": 20,
      "ks_stat": 0.035880481217746035,
      "ks_p": 0.6384763204030053,
      "alpha_at_ub": false,
      "eta_at_lb": false
    },
    {
      "rep": 5,
      "ok": true,
      "N": 496,
      "T_eff": 799.7845117402074,
      "fit_s": 15.68312382698059,
      "mu_h": 0.514277472071207,
      "alpha_h": 4.7125231032398975,
      "delta_h": 10000.0,
      "eta_h": 0.001,
      "n_star_h": 4669.318431735288,
      "nll_true": 738.9192191616169,
      "nll_best": 730.2974021657941,
      "delta_nll": -8.621816995822769,
      "boundary_count": 3,
      "converged_count": 20,
      "ks_stat": 0.03174590866846305,
      "ks_p": 0.6872545375409405,
      "alpha_at_ub": false,
      "eta_at_lb": true
    },
    {
      "rep": 6,
      "ok": true,
      "N": 610,
      "T_eff": 807.4315157697877,
      "fit_s": 21.406496047973633,
      "mu_h": 0.5379689742618121,
      "alpha_h": 10000.0,
      "delta_h": 341.64176926730016,
      "eta_h": 1.6271340536223928,
      "n_star_h": 0.4635718710377857,
      "nll_true": 786.9522734121791,
      "nll_best": 776.8032617926318,
      "delta_nll": -10.14901161954731,
      "boundary_count": 1,
      "converged_count": 20,
      "ks_stat": 0.02948696358440206,
      "ks_p": 0.6526249674008863,
      "alpha_at_ub": true,
      "eta_at_lb": false
    },
    {
      "rep": 7,
      "ok": true,
      "N": 442,
      "T_eff": 847.718459886868,
      "fit_s": 9.931691884994507,
      "mu_h": 0.30167934080817255,
      "alpha_h": 0.15439149007222983,
      "delta_h": 19.477862846112117,
      "eta_h": 0.001,
      "n_star_h": 153.93373865956042,
      "nll_true": 725.2057830847724,
      "nll_best": 723.3191571434988,
      "delta_nll": -1.8866259412735644,
      "boundary_count": 2,
      "converged_count": 20,
      "ks_stat": 0.031740849816546346,
      "ks_p": 0.752280865129298,
      "alpha_at_ub": false,
      "eta_at_lb": true
    },
    {
      "rep": 8,
      "ok": true,
      "N": 429,
      "T_eff": 790.8751978391952,
      "fit_s": 27.120043992996216,
      "mu_h": 0.29526029156906086,
      "alpha_h": 10000.0,
      "delta_h": 155.73856311496635,
      "eta_h": 1.818050919217498,
      "n_star_h": 0.5682063686448935,
      "nll_true": 687.1188855736696,
      "nll_best": 685.4063954112062,
      "delta_nll": -1.7124901624633821,
      "boundary_count": 3,
      "converged_count": 20,
      "ks_stat": 0.036265410131848363,
      "ks_p": 0.6120005770437956,
      "alpha_at_ub": true,
      "eta_at_lb": false
    },
    {
      "rep": 9,
      "ok": true,
      "N": 538,
      "T_eff": 830.6192433987055,
      "fit_s": 17.762545108795166,
      "mu_h": 0.5213583669111321,
      "alpha_h": 5.238802085230602,
      "delta_h": 10000.0,
      "eta_h": 0.001,
      "n_star_h": 5190.772459017324,
      "nll_true": 778.2883387498716,
      "nll_best": 767.805767277883,
      "delta_nll": -10.48257147198865,
      "boundary_count": 2,
      "converged_count": 20,
      "ks_stat": 0.0168930460758977,
      "ks_p": 0.9973208775883232,
      "alpha_at_ub": false,
      "eta_at_lb": true
    },
    {
      "rep": 10,
      "ok": true,
      "N": 448,
      "T_eff": 824.0759645945335,
      "fit_s": 14.341096878051758,
      "mu_h": 0.5291946892940891,
      "alpha_h": 10000.0,
      "delta_h": 4.986629289081582,
      "eta_h": 6.797386984645629,
      "n_star_h": 0.026570101713187445,
      "nll_true": 730.2307599647756,
      "nll_best": 720.8420893995261,
      "delta_nll": -9.388670565249527,
      "boundary_count": 3,
      "converged_count": 20,
      "ks_stat": 0.025141673098711625,
      "ks_p": 0.9327304079217794,
      "alpha_at_ub": true,
      "eta_at_lb": false
    },
    {
      "rep": 11,
      "ok": true,
      "N": 530,
      "T_eff": 816.1551152786005,
      "fit_s": 34.979089975357056,
      "mu_h": 0.45497150025997607,
      "alpha_h": 8.659258264727244,
      "delta_h": 9999.999999998066,
      "eta_h": 0.0023255729952480334,
      "n_star_h": 3644.5878672240115,
      "nll_true": 755.2897930797035,
      "nll_best": 749.0443416503252,
      "delta_nll": -6.2454514293782495,
      "boundary_count": 2,
      "converged_count": 20,
      "ks_stat": 0.02430859325004242,
      "ks_p": 0.9051273245286159,
      "alpha_at_ub": false,
      "eta_at_lb": false
    },
    {
      "rep": 12,
      "ok": true,
      "N": 524,
      "T_eff": 805.0485830993567,
      "fit_s": 27.93075394630432,
      "mu_h": 0.49190681260330504,
      "alpha_h": 7.175421409822055,
      "delta_h": 10000.0,
      "eta_h": 0.005222455004083442,
      "n_star_h": 1309.4318046346218,
      "nll_true": 749.1902150936513,
      "nll_best": 742.8756166992465,
      "delta_nll": -6.314598394404811,
      "boundary_count": 3,
      "converged_count": 20,
      "ks_stat": 0.03803108068348815,
      "ks_p": 0.4241523124034039,
      "alpha_at_ub": false,
      "eta_at_lb": false
    },
    {
      "rep": 13,