{
  "regime": "R2",
  "true": {
    "mu": 0.3,
    "alpha": 147.13039399634883,
    "delta": 50.0,
    "eta": 1.3,
    "n_star": 0.7
  },
  "spec": {
    "T": 2000.0,
    "n_reps": 20,
    "n_inits": 20
  },
  "elapsed_s": 623.6951858997345,
  "results": [
    {
      "rep": 0,
      "ok": true,
      "N": 1630,
      "T_eff": 1694.0499701671265,
      "fit_s": 204.89293098449707,
      "mu_h": 0.6476272301783659,
      "alpha_h": 10000.0,
      "delta_h": 136.46779903825816,
      "eta_h": 1.9492157638457035,
      "n_star_h": 0.35359457046770837,
      "nll_true": 1695.2638852972852,
      "nll_best": 1688.2872915546714,
      "delta_nll": -6.976593742613886,
      "boundary_count": 5,
      "converged_count": 20,
      "ks_stat": 0.01403806937981622,
      "ks_p": 0.900403344308113,
      "alpha_at_ub": true,
      "eta_at_lb": false
    },
    {
      "rep": 1,
      "ok": true,
      "N": 1455,
      "T_eff": 1685.2123335581848,
      "fit_s": 111.93777704238892,
      "mu_h": 0.6655601701180723,
      "alpha_h": 10000.0,
      "delta_h": 24.11803557460624,
      "eta_h": 3.008001879436309,
      "n_star_h": 0.2310121217793069,
      "nll_true": 1677.7847554284017,
      "nll_best": 1665.5932059132554,
      "delta_nll": -12.191549515146335,
      "boundary_count": 4,
      "converged_count": 20,
      "ks_stat": 0.016661768512530817,
      "ks_p": 0.8075381688040869,
      "alpha_at_ub": true,
      "eta_at_lb": false
    },
    {
      "rep": 2,
      "ok": true,
      "N": 1588,
      "T_eff": 1702.361388441608,
      "fit_s": 130.96174120903015,
      "mu_h": 0.44683956101608363,
      "alpha_h": 2.554908089678608,
      "delta_h": 16.118566543322018,
      "eta_h": 0.6720161410803543,
      "n_star_h": 0.5870197830033342,
      "nll_true": 1685.7894202447296,
      "nll_best": 1683.2235569475483,
      "delta_nll": -2.565863297181295,
      "boundary_count": 0,
      "converged_count": 20,
      "ks_stat": 0.024953937623183542,
      "ks_p": 0.2715261657347663,
      "alpha_at_ub": false,
      "eta_at_lb": false
    },
    {
      "rep": 3,
      "ok": true,
      "N": 1691,
      "T_eff": 1720.2020448836658,
      "fit_s": 229.5546009540558,
      "mu_h": 0.5686535086738477,
      "alpha_h": 0.06127944896147199,
      "delta_h": 0.6164928887552581,
      "eta_h": 0.001,
      "n_star_h": 61.30909752132945,
      "nll_true": 1711.8160496605835,
      "nll_best": 1704.6315776220424,
      "delta_nll": -7.1844720385411165,
      "boundary_count": 6,
      "converged_count": 20,
      "ks_stat": 0.014367374331261729,
      "ks_p": 0.8710898306104629,
      "alpha_at_ub": false,
      "eta_at_lb": true
    },
    {
      "rep": 4,
      "ok": true,
      "N": 1722,
      "T_eff": 1666.547792438596,
      "fit_s": 135.2415211200714,
      "mu_h": 0.6150617085094178,
      "alpha_h": 13.168215665754012,
      "delta_h": 17.684643683106618,
      "eta_h": 1.149245181774759,
      "n_star_h": 0.4220075166114371,
      "nll_true": 1667.4906534345023,
      "nll_best": 1657.6172090694063,
      "delta_nll": -9.87344436509602,
      "boundary_count": 2,
      "converged_count": 20,
      "ks_stat": 0.018076023524382423,
      "ks_p": 0.6203109804044229,
      "alpha_at_ub": false,
      "eta_at_lb": false
    },
    {
      "rep": 5,
      "ok": true,
      "N": 1611,
      "T_eff": 1724.3826221672705,
      "fit_s": 102.1338758468628,
      "mu_h": 0.7537564017564099,
      "alpha_h": 10000.0,
      "delta_h": 69.04627872447819,
      "eta_h": 2.354299578121082,
      "n_star_h": 0.19872435532171867,
      "nll_true": 1728.4852131187981,
      "nll_best": 1719.6082219389684,
      "delta_nll": -8.876991179829702,
      "boundary_count": 1,
      "converged_count": 20,
      "ks_stat": 0.02020599855589275,
      "ks_p": 0.5197351593426291,
      "alpha_at_ub": true,
      "eta_at_lb": false
    },
    {
      "rep": 6,
      "ok": true,
      "N": 1538,
      "T_eff": 1703.307576009367,
      "fit_s": 109.8024959564209,
      "mu_h": 0.5452633509941027,
      "alpha_h": 0.19904642342232365,
      "delta_h": 5.058882759445874,
      "eta_h": 0.2271677957816383,
      "n_star_h": 0.6062741889992433,
      "nll_true": 1692.4109602105789,
      "nll_best": 1686.9687344960068,
      "delta_nll": -5.442225714572032,
      "boundary_count": 0,
      "converged_count": 20,
      "ks_stat": 0.013464259473217444,
      "ks_p": 0.9395540450281521,
      "alpha_at_ub": false,
      "eta_at_lb": false
    },
    {
      "rep": 7,
      "ok": true,
      "N": 1566,
      "T_eff": 1747.0359339621941,
      "fit_s": 67.88534283638,
      "mu_h": 0.83566294793027,
      "alpha_h": 0.036328970413790566,
      "delta_h": 123.19501168862347,
      "eta_h": 0.001,
      "n_star_h": 36.15451139771757,
      "nll_true": 1747.7148798167837,
      "nll_best": 1736.836425387806,
      "delta_nll": -10.878454428977648,
      "boundary_count": 4,
      "converged_count": 20,
      "ks_stat": 0.017899205873315283,
      "ks_p": 0.6903711805402036,
      "alpha_at_ub": false,
      "eta_at_lb": true
    },
    {
      "rep": 8,
      "ok": true,
      "N": 1406,
      "T_eff": 1674.462087514752,
      "fit_s": 71.51825785636902,
      "mu_h": 0.7156288193053448,
      "alpha_h": 1.2260841936656022,
      "delta_h": 37.37415400802671,
      "eta_h": 0.6494509306762019,
      "n_star_h": 0.17974880417661332,
      "nll_true": 1658.5552450260964,
      "nll_best": 1651.0157937505069,
      "delta_nll": -7.539451275589499,
      "boundary_count": 1,
      "converged_count": 20,
      "ks_stat": 0.01554056698254469,
      "ks_p": 0.8809046874322529,
      "alpha_at_ub": false,
      "eta_at_lb": false
    },
    {
      "rep": 9,
      "ok": true,
      "N": 1560,
      "T_eff": 1670.623961201796,
      "fit_s": 128.74871706962585,
      "mu_h": 0.5708940247949752,
      "alpha_h": 0.08915562737118035,
      "delta_h": 2.310317697501515,
      "eta_h": 0.06368763452949759,
      "n_star_h": 1.3271874033503785,
      "nll_true": 1664.7566058402151,
      "nll_best": 1657.9041460528535,
      "delta_nll": -6.852459787361568,
      "boundary_count": 1,
      "converged_count": 20,
      "ks_stat": 0.020870141103647905,
      "ks_p": 0.49856297510735126,
      "alpha_at_ub": false,
      "eta_at_lb": false
    },
    {
      "rep": 10,
      "ok": true,
      "N": 1516,
      "T_eff": 1719.0838966010103,
      "fit_s": 191.53345108032227,
      "mu_h": 0.5631990343054135,
      "alpha_h": 10000.0,
      "delta_h": 695.7901734736545,
      "eta_h": 1.4265250980226003,
      "n_star_h": 0.6178086155105909,
      "nll_true": 1689.4043504106232,
      "nll_best": 1685.8391001448854,
      "delta_nll": -3.565250265737859,
      "boundary_count": 6,
      "converged_count": 20,
      "ks_stat": 0.012436908773679284,
      "ks_p": 0.9708647911244981,
      "alpha_at_ub": true,
      "eta_at_lb": false
    },
    {
      "rep": 11,
      "ok": true,
      "N": 1640,
      "T_eff": 1649.735230032335,
      "fit_s": 122.52435493469238,
      "mu_h": 0.6093963695462519,
      "alpha_h": 10000.0,
      "delta_h": 42.65765779099159,
      "eta_h": 2.4618766916336474,
      "n_star_h": 0.39435020156731493,
      "nll_true": 1651.444634782036,
      "nll_best": 1642.3626709427826,
      "delta_nll": -9.081963839253376,
      "boundary_count": 2,
      "converged_count": 20,
      "ks_stat": 0.020882132103145157,
      "ks_p": 0.46570566333807695,
      "alpha_at_ub": true,
      "eta_at_lb": false
    },
    {
      "rep": 12,
      "ok": true,
      "N": 1573,
      "T_eff": 1706.2553974381944,
      "fit_s": 165.76330995559692,
      "mu_h": 0.5397978425491389,
      "alpha_h": 10000.0,
      "delta_h": 95.64033139213333,
      "eta_h": 2.045768457864752,
      "n_star_h": 0.4337210392525982,
      "nll_true": 1697.704984107034,
      "nll_best": 1693.560063845544,
      "delta_nll": -4.144920261490142,
      "boundary_count": 3,
      "converged_count": 20,
      "ks_stat": 0.014943036835659118,